driverId,surname,nationality
1,Hamilton,United Kingdom
2,Heidfeld,Germany
3,Rosberg,Germany
4,Alonso,Spain
5,Kovalainen,Finland
6,Nakajima,Japan
7,Bourdais,France
8,Räikkönen,Finland
9,Kubica,Poland
10,Glock,Germany
11,Sato,Japan
12,Piquet Jr.,Brazil
13,Massa,Brazil
14,Coulthard,United Kingdom
15,Trulli,Italy
16,Sutil,Germany
17,Webber,Australia
18,Button,United Kingdom
19,Davidson,United Kingdom
20,Vettel,Germany
21,Fisichella,Italy
22,Barrichello,Brazil
23,Schumacher,Germany
24,Liuzzi,Italy
25,Wurz,Austria
26,Speed,United States of America
27,Albers,The Netherlands
28,Winkelhock,Germany
29,Yamamoto,Japan
30,Schumacher,Germany
31,Pablo Montoya,Colombia
32,Klien,Austria
33,Monteiro,Portugal
34,Ide,Japan
35,Villeneuve,Canada
36,Montagny,France
37,de la Rosa,Spain
38,Doornbos,The Netherlands
39,Karthikeyan,India
40,Friesacher,Austria
41,Zonta,Brazil
42,Pizzonia,Brazil
43,da Matta,Brazil
44,Panis,France
45,Pantano,Italy
46,Bruni,Italy
47,Baumgartner,Hungary
48,Gené,Spain
49,Frentzen,Germany
50,Verstappen,The Netherlands
51,Wilson,United Kingdom
52,Firman,Ireland
53,Kiesa,Denmark
54,Burti,Brazil
55,Alesi,France
56,Irvine,United Kingdom
57,Häkkinen,Finland
58,Marques,Brazil
59,Bernoldi,Brazil
60,Mazzacane,Argentina
61,Enge,Czech Republic
62,Yoong,Malaysia
63,Salo,Finland
64,Diniz,Brazil
65,Herbert,United Kingdom
66,McNish,United Kingdom
67,Buemi,Switzerland
68,Takagi,Japan
69,Badoer,Italy
70,Zanardi,Italy
71,Hill,United Kingdom
72,Sarrazin,France
73,Rosset,Brazil
74,Tuero,Argentina
75,Nakano,Japan
76,Magnussen,Denmark
77,Berger,Austria
78,Larini,Italy
79,Katayama,Japan
80,Sospiri,Italy
81,Morbidelli,Italy
82,Fontana,Argentina
83,Lamy,Portugal
84,Brundle,United Kingdom
85,Montermini,Italy
86,Lavaggi,Italy
87,Blundell,United Kingdom
88,Suzuki,Japan
89,Inoue,Japan
90,Moreno,Brazil
91,Wendlinger,Austria
92,Gachot,Belgium
93,Schiattarella,Italy
94,Martini,Italy
95,Mansell,United Kingdom
96,Boullion,France
97,Papis,Italy
98,Délétraz,Switzerland
99,Tarquini,Italy
100,Comas,France
101,Brabham,Australia
102,Senna,Brazil
103,Bernard,France
104,Fittipaldi,Brazil
105,Alboreto,Italy
106,Beretta,Monaco
107,Ratzenberger,Austria
108,Belmondo,France
109,Järvilehto,Finland
110,de Cesaris,Italy
111,Gounon,France
112,Alliot,France
113,Adams,Belgium
114,Dalmas,France
115,Noda,Japan
116,Lagorce,France
117,Prost,France
118,Warwick,United Kingdom
119,Patrese,Italy
120,Barbazza,Italy
121,Andretti,United States of America
122,Capelli,Italy
123,Boutsen,Belgium
124,Apicella,Italy
125,Naspetti,Italy
126,Suzuki,Japan
127,Gugelmin,Brazil
128,van de Poele,Belgium
129,Grouillard,France
130,Chiesa,Switzerland
131,Modena,Italy
132,Amati,Italy
133,Caffi,Italy
134,Bertaggia,Italy
135,McCarthy,United Kingdom
136,Lammers,The Netherlands
137,Piquet,Brazil
138,Nakajima,Japan
139,Pirro,Italy
140,Johansson,Sweden
141,Bailey,United Kingdom
142,Chaves,Portugal
143,Bartels,Germany
144,Hattori,Japan
145,Nannini,Italy
146,Schneider,Germany
147,Barilla,Italy
148,Foitek,Switzerland
149,Langes,Italy
150,Brabham,Australia
151,Donnelly,United Kingdom
152,Giacomelli,Italy
153,Alguersuari,Spain
154,Grosjean,France
155,Kobayashi,Japan
156,Palmer,United Kingdom
157,Danner,Germany
158,Cheever,United States of America
159,Pérez-Sala,Spain
160,Ghinzani,Italy
161,Weidler,Germany
162,Raphanel,France
163,Arnoux,France
164,Winkelhock,Germany
165,Larrauri,Argentina
166,Streiff,France
167,Campos,Spain
168,Schlesser,France
169,Fabre,France
170,Fabi,Italy
171,Forini,Switzerland
172,Laffite,France
173,de Angelis,Italy
174,Dumfries,United Kingdom
175,Tambay,France
176,Surer,Switzerland
177,Rosberg,Finland
178,Jones,Australia
179,Rothengatter,The Netherlands
180,Berg,Canada
181,Winkelhock,Germany
182,Lauda,Austria
183,Hesnault,France
184,Baldi,Italy
185,Bellof,Germany
186,Acheson,United Kingdom
187,Watson,United Kingdom
188,Cecotto,Venezuela
189,Gartner,Austria
190,Fabi,Italy
191,Thackwell,New Zealand
192,Serra,Brazil
193,Sullivan,United States of America
194,Salazar,Chile
195,Guerrero,Colombia
196,Boesel,Brazil
197,Jarier,France
198,Villeneuve Sr.,Canada
199,Reutemann,Argentina
200,Mass,Germany
201,Borgudd,Sweden
202,Pironi,France
203,Villeneuve,Canada
204,Paletti,Italy
205,Henton,United Kingdom
206,Daly,Ireland
207,Andretti,United States of America
208,de Villota,Spain
209,Lees,United Kingdom
210,Byrne,Ireland
211,Keegan,United Kingdom
212,Rebaque,Mexico
213,Gabbiani,Italy
214,Cogan,United States of America
215,Guerra,Argentina
216,Stohr,Italy
217,Zunino,Argentina
218,Londoño,Colombia
219,Jabouille,France
220,Francia,Italy
221,Depailler,France
222,Scheckter,South Africa
223,Regazzoni,Switzerland
224,Fittipaldi,Brazil
225,Kennedy,Ireland
226,South,United Kingdom
227,Needell,United Kingdom
228,Wilson,South Africa
229,Ertl,Austria
230,Brambilla,Italy
231,Hunt,United Kingdom
232,Merzario,Italy
233,Stuck,Germany
234,Brancatelli,Italy
235,Ickx,Belgium
236,Gaillard,France
237,Ribeiro,Brazil
238,Peterson,Sweden
239,Lunger,United States of America
240,Ongais,United States of America
241,Leoni,Italy
242,Galica,United Kingdom
243,Stommelen,Germany
244,Colombo,Italy
245,Trimmer,United Kingdom
246,Binder,Austria
247,Bleekemolen,The Netherlands
248,Franchi,Italy
249,Rahal,United States of America
250,Pace,Brazil
251,Scheckter,South Africa
252,Pryce,United Kingdom
253,Hoffmann,Brazil
254,Zorzi,Italy
255,Nilsson,Sweden
256,Perkins,Australia
257,Lunger,The Netherlands
258,Nève,Belgium
259,Purley,United Kingdom
260,Andersson,Sweden
261,de Dryver,Belgium
262,Oliver,United Kingdom
263,Kozarowitzky,Finland
264,Sutcliffe,United Kingdom
265,Edwards,United Kingdom
266,McGuire,Australia
267,Schuppan,Australia
268,Heyer,Germany
269,Pilette,Belgium
270,Ashley,United Kingdom
271,Kessel,Switzerland
272,Takahashi,Japan
273,Hoshino,Japan
274,Takahara,Japan
275,Lombardi,Italy
276,Evans,United Kingdom
277,Leclère,France
278,Amon,New Zealand
279,Zapico,Spain
280,Pescarolo,France
281,Nelleman,Denmark
282,Magee,United Kingdom
283,Wilds,United Kingdom
284,Pesenti-Rossi,Italy
285,Stuppacher,Austria
286,Brown,Australia
287,Hasemi,Japan
288,Donohue,United States of America
289,Hill,United Kingdom
290,Fittipaldi,Brazil
291,Tunmer,South Africa
292,Keizan,South Africa
293,Charlton,South Africa
294,Brise,United Kingdom
295,Wunderink,The Netherlands
296,Migault,France
297,Palm,Sweden
298,van Lennep,The Netherlands
299,Fushida,Japan
300,Nicholson,New Zealand
301,Morgan,United Kingdom
302,Crawford,United Kingdom
303,Vonlanthen,Switzerland
304,Hulme,New Zealand
305,Hailwood,United Kingdom
306,Beltoise,France
307,Ganley,New Zealand
308,Robarts,United Kingdom
309,Revson,United States of America
310,Driver,South Africa
311,Belsø,Denmark
312,Redman,United Kingdom
313,von Opel,Liechtenstein
314,Schenken,Australia
315,Larrousse,France
316,Kinnunen,Finland
317,Wisell,Sweden
318,Roos,Sweden
319,Dolhem,France
320,Gethin,United Kingdom
321,Bell,United Kingdom
322,Hobbs,United Kingdom
323,Quester,Austria
324,Koinigg,Austria
325,Facetti,Italy
326,Wietzes,Canada
327,Cevert,France
328,Stewart,United Kingdom
329,Beuttler,United Kingdom
330,Galli,Italy
331,Bueno,Brazil
332,Follmer,United States of America
333,de Adamich,Italy
334,Pretorius,South Africa
335,Williamson,United Kingdom
336,McRae,New Zealand
337,Marko,Austria
338,Walker,Australia
339,Soler-Roig,Spain
340,Love,Rhodesia
341,Surtees,United Kingdom
342,Barber,United States of America
343,Brack,Canada
344,Posey,United States of America
345,Rodríguez,Mexico
346,Siffert,Switzerland
347,Bonnier,Sweden
348,Mazet,France
349,Jean,France
350,Elford,United Kingdom
351,Moser,Switzerland
352,Eaton,Canada
353,Lovely,United States of America
354,Craft,United Kingdom
355,Cannon,Canada
356,Brabham,Australia
357,Miles,United Kingdom
358,Rindt,Austria
359,Servoz-Gavin,France
360,McLaren,New Zealand
361,Courage,United Kingdom
362,de Klerk,South Africa
363,Giunti,Italy
364,Gurney,United States of America
365,Hahne,Germany
366,Hutchison,United States of America
367,Westbury,United Kingdom
368,Tingle,Rhodesia
369,van Rooyen,South Africa
370,Attwood,United Kingdom
371,Pease,Canada
372,Cordts,Canada
373,Clark,United Kingdom
374,Spence,United Kingdom
375,Scarfiotti,Italy
376,Bianchi,Belgium
377,Schlesser,France
378,Widdows,United Kingdom
379,Ahrens,Germany
380,Gardner,Australia
381,Unser,United States of America
382,Solana,Mexico
383,Anderson,United Kingdom
384,Botha,South Africa
385,Bandini,Italy
386,Ginther,United States of America
387,Parkes,United Kingdom
388,Irwin,United Kingdom
389,Ligier,France
390,Rees,United Kingdom
391,Hart,United Kingdom
392,Fisher,United States of America
393,Jones,United States of America
394,Baghetti,Italy
395,Williams,United Kingdom
396,Bondurant,United States of America
397,Arundell,United Kingdom
398,Wilson,United Kingdom
399,Taylor,United Kingdom
400,Lawrence,United Kingdom
401,Taylor,United Kingdom
402,Russo,Italy
403,Hill,United States of America
404,Ireland,United Kingdom
405,Bucknum,United States of America
406,Hawkins,Australia
407,Prophet,United Kingdom
408,Maggs,South Africa
409,Blokdyk,South Africa
410,Lederle,South Africa
411,Serrurier,South Africa
412,Niemann,South Africa
413,Pieterse,South Africa
414,Puzey,Rhodesia
415,Reed,South Africa
416,Clapham,South Africa
417,Blignaut,South Africa
418,Gregory,United States of America
419,Rhodes,United Kingdom
420,Raby,United Kingdom
421,Rollinson,United Kingdom
422,Gubby,United Kingdom
423,Mitter,Germany
424,Bussinello,Italy
425,Vaccarella,Italy
426,Bassi,Italy
427,Trintignant,France
428,Collomb,France
429,Pilette,Belgium
430,de Beaufort,The Netherlands
431,Barth,Germany
432,Cabral,Portugal
433,Hansgen,United States of America
434,Sharp,United States of America
435,Mairesse,Belgium
436,Campbell-Jones,United Kingdom
437,Burgess,United Kingdom
438,Settember,United States of America
439,Estéfano,Argentina
440,Hall,United States of America
441,Parnell,United Kingdom
442,Kuhnke,Germany
443,Brambilla,Italy
444,Lippi,Italy
445,Seiffert,Germany
446,Abate,Italy
447,Starrabba,Italy
448,Broeker,Canada
449,Ward,United States of America
450,de Vos,The Netherlands
451,Dochnal,United States of America
452,Monarch,United States of America
842,Gasly,France
453,Lewis,United Kingdom
454,Rodríguez,Mexico
455,Seidel,Germany
456,Salvadori,United Kingdom
457,Pon,The Netherlands
458,Slotemaker,The Netherlands
459,Marsh,United Kingdom
460,Ashmore,United Kingdom
461,Schiller,Switzerland
462,Davis,United Kingdom
463,Chamberlain,United States of America
464,Shelly,New Zealand
465,Greene,United Kingdom
466,Walter,Switzerland
467,Prinoth,Italy
468,Penske,United States of America
469,Schroeder,United Kingdom
470,Mayer,United States of America
471,Johnstone,South Africa
472,Harris,South Africa
473,Hocking,Rhodesia
474,van der Vyver,South Africa
475,Moss,United Kingdom
476,von Trips,Germany
477,Allison,United Kingdom
478,Herrmann,Germany
479,Brooks,United Kingdom
480,May,Switzerland
481,Taylor,United Kingdom
482,Gendebien,Belgium
483,Scarlatti,Italy
484,Naylor,United Kingdom
485,Bordeu,Argentina
486,Fairman,United Kingdom
487,Natili,Italy
488,Monteverdi,Switzerland
489,Pirocchi,Italy
490,Duke,United Kingdom
491,Thiele,United States of America
492,Boffa,Italy
493,Ryan,Canada
494,Ruby,United States of America
495,Miles,United Kingdom
496,Menditeguy,Argentina
497,Larreta,Argentina
498,González,Argentina
499,Bonomi,Argentina
500,Munaron,Italy
501,Schell,United States of America
502,Stacey,United Kingdom
503,Chimeri,Venezuela
504,Creus,Spain
505,Bristow,United Kingdom
506,Halford,United Kingdom
507,Daigh,United States of America
508,Reventlow,United States of America
509,Rathmann,United States of America
510,Goldsmith,United States of America
511,Branson,United States of America
512,Thomson,United States of America
513,Johnson,United States of America
514,Veith,United States of America
515,Tingelstad,United States of America
516,Christie,United States of America
517,Amick,United States of America
518,Carter,United States of America
519,Homeier,United States of America
520,Hartley,United States of America
521,Stevenson,United States of America
522,Grim,United States of America
523,Templeman,United States of America
524,Hurtubise,United States of America
525,Bryan,United States of America
526,Ruttman,United States of America
527,Sachs,United States of America
528,Freeland,United States of America
529,Bettenhausen,United States of America
530,Weiler,United States of America
531,Foyt,United States of America
532,Russo,United States of America
533,Boyd,United States of America
534,Force,United States of America
535,McWithey,United States of America
536,Sutton,United States of America
537,Rathmann,United States of America
538,Herman,United States of America
539,Wilson,United States of America
540,Taylor,United Kingdom
541,Flockhart,United Kingdom
542,Piper,United Kingdom
543,Cabianca,Italy
544,Drogo,Italy
545,Gamble,United States of America
546,Owen,United Kingdom
547,Gould,United Kingdom
548,Drake,United States of America
549,Bueb,United Kingdom
550,de Changy,Belgium
551,de Filippis,Italy
552,Lucienbonnet,France
553,Testut,Monaco
554,Behra,France
555,Russo,United States of America
556,Daywalt,United States of America
557,Arnold,United States of America
558,Keller,United States of America
559,Flaherty,United States of America
560,Cheesbourg,United States of America
561,Crawford,United States of America
562,Turner,United States of America
563,Weyant,United States of America
564,Larson,United States of America
565,Magill,United States of America
566,Shelby,United States of America
567,d'Orey,Brazil
568,Fontes,Uruguay
569,Ashdown,United Kingdom
570,Moss,United Kingdom
571,Taylor,United Kingdom
572,Blanchard,United States of America
573,de Tomaso,Argentina
574,Constantine,United States of America
575,Said,United States of America
576,Cade,United States of America
577,Musso,Italy
578,Hawthorn,United Kingdom
579,Fangio,Argentina
580,Godia,Spain
581,Collins,United Kingdom
582,Kavanagh,Australia
583,Gerini,Italy
584,Kessler,United States of America
585,Emery,United Kingdom
586,Piotti,Italy
587,Ecclestone,United Kingdom
588,Taramazzo,Italy
589,Chiron,Monaco
590,Lewis-Evans,United Kingdom
591,Amick,United States of America
592,Reece,United States of America
593,Parsons,United States of America
594,Tolan,United States of America
595,Garrett,United States of America
596,Elisian,United States of America
597,O'Connor,United States of America
598,Unser,United States of America
599,Bisch,United States of America
600,Goethals,Belgium
601,Gibson,United Kingdom
602,La Caze,France
603,Guelfi,France
604,Picard,France
605,Bridger,United Kingdom
606,de Portago,Spain
607,Perdisa,Italy
608,Castellotti,Italy
609,Simon,France
610,Leston,United Kingdom
611,Hanks,United States of America
612,Linden,United States of America
613,Teague,United States of America
614,Edmunds,United States of America
615,Agabashian,United States of America
616,George,United States of America
617,MacDowel,United Kingdom
618,MacKay-Fraser,United States of America
619,Gerard,United Kingdom
620,Maglioli,Italy
621,England,Australia
622,Landi,Brazil
623,Uria,Uruguay
624,da Silva Ramos,Brazil
625,Bayol,France
626,Manzon,France
627,Rosier,France
628,Sweikert,United States of America
629,Griffith,United States of America
630,Dinsmore,United States of America
631,Andrews,United States of America
632,Frère,Belgium
633,Villoresi,Italy
634,Scotti,Italy
635,Chapman,United Kingdom
636,Titterington,United Kingdom
637,Scott Brown,United Kingdom
638,Volonterio,Switzerland
639,Milhoux,Belgium
640,de Graffenried,Switzerland
641,Taruffi,Italy
642,Farina,Italy
643,Mieres,Argentina
644,Mantovani,Italy
645,Bucci,Argentina
646,Iglesias,Argentina
647,Ascari,Italy
648,Kling,Germany
649,Birger,Argentina
650,Pollet,France
651,Macklin,United Kingdom
652,Whiteaway,United Kingdom
653,Davies,United States of America
654,Faulkner,United States of America
655,Niday,United States of America
656,Cross,United States of America
657,Vukovich,United States of America
658,McGrath,United States of America
659,Hoyt,United States of America
660,Claes,Belgium
661,Walker,United Kingdom
662,Sparken,France
663,Wharton,United Kingdom
664,McAlpine,United Kingdom
665,Marr,United Kingdom
666,Rolt,United Kingdom
667,Fitch,United States of America
668,Lucas,France
669,Bira,Thailand
670,Marimón,Argentina
671,Loyer,France
672,Daponte,Argentina
673,Nazaruk,United States of America
674,Crockett,United States of America
675,Ayulo,United States of America
676,Armi,United States of America
677,Webb,United States of America
678,Duncan,United States of America
679,McCoy,United States of America
680,Swaters,United States of America
681,Berger,Belgium
682,Beauman,United Kingdom
683,Thorne,United Kingdom
684,Whitehouse,United Kingdom
685,Riseley-Prichard,United Kingdom
686,Parnell,United Kingdom
687,Whitehead,United Kingdom
688,Brandon,United Kingdom
689,Brown,United Kingdom
690,Nuckey,United Kingdom
691,Lang,Germany
692,Helfrich,Germany
693,Wacker,United States of America
694,de Riu,Italy
695,Gálvez,Argentina
696,Barber,United Kingdom
697,Bonetto,Italy
698,Cruz,Argentina
699,Nalon,United States of America
700,Scarborough,United States of America
701,Holland,United States of America
702,Scott,United States of America
703,Legat,Belgium
704,Cabantous,France
705,Crook,United Kingdom
706,Stewart,United Kingdom
707,Stewart,United Kingdom
708,Hamilton,United Kingdom
709,Klodwig,East Germany
710,Krause,East Germany
711,Karch,Germany
712,Heeks,Germany
713,Fitzau,Germany
714,Adolff,Germany
715,Bechem,Germany
716,Bauer,Germany
717,von Stuck,Germany
718,Loof,Germany
719,Scherrer,Switzerland
720,de Terra,Switzerland
721,Hirt,Switzerland
722,Carini,Italy
723,Fischer,Switzerland
724,Ulmen,Germany
725,Abecassis,United Kingdom
726,Connor,United States of America
727,Rigsby,United States of America
728,James,United States of America
729,Schindler,United States of America
730,Fonder,United States of America
731,Banks,United States of America
732,McDowell,United States of America
733,Miller,United States of America
734,Ball,United States of America
735,de Tornaco,Belgium
736,Laurent,Belgium
737,O'Brien,United States of America
738,Gaze,Australia
739,Montgomerie-Charrington,United Kingdom
740,Comotti,Italy
741,Étancelin,France
742,Poore,United Kingdom
743,Thompson,United Kingdom
744,Downing,United Kingdom
745,Whitehead,United Kingdom
746,Bianco,Brazil
747,Murray,United Kingdom
748,Cantoni,Uruguay
749,Aston,United Kingdom
750,Brudes,Germany
751,Riess,Germany
752,Niedermayr,Germany
753,Klenk,Germany
754,Balsa,France
755,Schoeller,Switzerland
756,Pietsch,Germany
757,Peters,Germany
758,van der Lof,The Netherlands
759,Flinterman,The Netherlands
760,Dusio,Italy
761,Crespo,Argentina
762,Rol,Italy
763,Sanesi,Italy
764,Mairesse,France
765,Louveau,France
766,Wallard,United States of America
767,Forberg,United States of America
768,Rose,United States of America
769,Mackey,United States of America
770,Green,United States of America
771,Brown,United States of America
772,Hellings,United States of America
773,Levegh,France
774,Chaboud,France
775,Gordini,France
776,Kelly,Ireland
777,Fotheringham-Parker,United Kingdom
778,Shawe Taylor,United Kingdom
779,James,United Kingdom
780,Branca,Switzerland
781,Richardson,United Kingdom
782,Jover,Spain
783,Grignard,France
784,Hampshire,United Kingdom
785,Crossley,United Kingdom
786,Fagioli,Italy
787,Harrison,United Kingdom
788,Fry,United Kingdom
789,Martin,France
790,Johnson,United Kingdom
791,Biondetti,Italy
792,Pián,Argentina
793,Sommer,France
794,Chitwood,United States of America
795,Fohr,United States of America
796,Ader,United States of America
797,Holmes,United States of America
798,Levrett,United States of America
799,Jackson,United States of America
800,Pagani,Italy
801,Pozzi,France
802,Serafini,Italy
803,Cantrell,United States of America
804,Mantz,United States of America
805,Kladis,United States of America
806,González,Uruguay
807,Hülkenberg,Germany
808,Petrov,Russia
810,di Grassi,Brazil
811,Senna,Brazil
812,Chandhok,India
813,Maldonado,Venezuela
814,di Resta,United Kingdom
815,Pérez,Mexico
816,d'Ambrosio,Belgium
817,Ricciardo,Australia
818,Vergne,France
819,Pic,France
820,Chilton,United Kingdom
821,Gutiérrez,Mexico
822,Bottas,Finland
823,van der Garde,The Netherlands
824,Bianchi,France
825,Magnussen,Denmark
826,Kvyat,Russia
827,Lotterer,Germany
828,Ericsson,Sweden
829,Stevens,United Kingdom
830,Verstappen,The Netherlands
831,Nasr,Brazil
832,Sainz,Spain
833,Merhi,Spain
834,Rossi,United States of America
835,Palmer,United Kingdom
836,Wehrlein,Germany
837,Haryanto,Indonesian
838,Vandoorne,Belgium
839,Ocon,France
840,Stroll,Canada
841,Giovinazzi,Italy
843,Hartley,New Zealand
844,Leclerc,Monaco
845,Sirotkin,Russia
846,Norris,United Kingdom
847,Russell,United Kingdom
848,Albon,Thailand
849,Latifi,Canada
850,Fittipaldi,Brazil
851,Aitken,United Kingdom
852,Tsunoda,Japan
853,Mazepin,Russia
854,Schumacher,Germany
855,Zhou,China
856,de Vries,The Netherlands
857,Piastri,Australia
858,Sargeant,United States of America